shipment_id,order_id,customer_id,email,shipped_at,delivered_at,status,carrier,tracking_number,exception_reason
S00001,O00001,C0001,mia.0001@example.com,2026-02-27 20:00:00,2026-03-04 01:00:00,Delivered,DHL,TRK00000002,
S00002,O00002,C0001,mia.0001@example.com,2026-03-02 18:00:00,2026-03-05 21:00:00,Delivered,UPS,TRK00000003,
S00003,O00003,C0002,isabella.0002@example.com,2026-01-08 15:00:00,2026-01-13 15:00:00,Delivered,FEDEX,TRK00000004,
S00004,O00004,C0002,isabella.0002@example.com,2025-12-15 15:00:00,2025-12-19 17:00:00,Delivered,DHL,TRK00000005,
S00005,O00005,C0003,elijah.0003@example.com,2025-11-26 13:00:00,2025-12-01 19:00:00,Delivered,UPS,TRK00000006,
S00006,O00006,C0004,owen.0004@example.com,2025-09-19 19:00:00,2025-09-22 01:00:00,Delivered,UPS,TRK00000007,
S00007,O00007,C0004,owen.0004@example.com,2025-12-24 08:00:00,2025-12-26 10:00:00,Delivered,USPS,TRK00000008,
S00008,O00008,C0004,owen.0004@example.com,2025-12-08 14:00:00,2025-12-11 15:00:00,Delivered,FEDEX,TRK00000009,
S00009,O00009,C0004,owen.0004@example.com,2025-09-24 18:00:00,2025-09-30 19:00:00,Delivered,FEDEX,TRK00000010,
S00010,O00010,C0004,owen.0004@example.com,2025-12-30 18:00:00,2026-01-04 20:00:00,Delivered,FEDEX,TRK00000011,
S00011,O00011,C0005,samuel.0005@example.com,2025-12-25 18:00:00,,Exception,DHL,TRK00000012,Weather Delay
S00012,O00012,C0006,harper.0006@example.com,2025-10-22 11:00:00,2025-10-26 15:00:00,Delivered,USPS,TRK00000013,
S00013,O00013,C0006,harper.0006@example.com,2026-03-01 12:00:00,2026-03-03 16:00:00,Delivered,DHL,TRK00000014,
S00014,O00014,C0006,harper.0006@example.com,2025-11-16 20:00:00,2025-11-20 00:00:00,Delivered,USPS,TRK00000015,
S00015,O00015,C0007,mason.0007@example.com,2026-02-11 08:00:00,2026-02-16 08:00:00,Delivered,USPS,TRK00000016,
S00016,O00016,C0007,mason.0007@example.com,2025-10-06 19:00:00,2025-10-09 20:00:00,Delivered,USPS,TRK00000017,
S00017,O00017,C0008,owen.0008@example.com,2026-01-09 15:00:00,,Exception,USPS,TRK00000018,Weather Delay
S00018,O00018,C0008,owen.0008@example.com,2025-10-01 20:00:00,,Exception,USPS,TRK00000019,Address Issue
S00019,O00019,C0008,owen.0008@example.com,2025-09-26 16:00:00,2025-09-30 21:00:00,Delivered,USPS,TRK00000020,
S00020,O00020,C0008,owen.0008@example.com,2026-01-30 09:00:00,2026-02-04 09:00:00,Delivered,USPS,TRK00000021,
S00021,O00021,C0008,owen.0008@example.com,2026-02-07 15:00:00,,Stalled,USPS,TRK00000022,
S00022,O00022,C0009,mia.0009@example.com,2025-10-02 15:00:00,2025-10-05 19:00:00,Delivered,FEDEX,TRK00000023,
S00023,O00023,C0009,mia.0009@example.com,2025-12-12 19:00:00,,Stalled,DHL,TRK00000024,
S00024,O00024,C0009,mia.0009@example.com,2026-01-31 18:00:00,2026-02-05 22:00:00,Delivered,DHL,TRK00000025,
S00025,O00025,C0009,mia.0009@example.com,2025-11-12 15:00:00,2025-11-15 21:00:00,Delivered,USPS,TRK00000026,
S00026,O00026,C0010,dylan.0010@example.com,2026-02-25 08:00:00,2026-02-28 08:00:00,Delivered,DHL,TRK00000027,
S00027,O00027,C0011,ella.0011@example.com,2026-02-20 08:00:00,2026-02-24 09:00:00,Delivered,FEDEX,TRK00000028,
S00028,O00028,C0012,jackson.0012@example.com,2025-10-24 17:00:00,2025-10-27 19:00:00,Delivered,FEDEX,TRK00000029,
S00029,O00029,C0012,jackson.0012@example.com,2026-02-01 16:00:00,2026-02-04 16:00:00,Delivered,UPS,TRK00000030,
S00030,O00030,C0012,jackson.0012@example.com,2025-10-07 13:00:00,2025-10-11 13:00:00,Delivered,FEDEX,TRK00000031,
S00031,O00031,C0012,jackson.0012@example.com,2025-12-19 15:00:00,2025-12-25 19:00:00,Delivered,UPS,TRK00000032,
S00032,O00032,C0012,jackson.0012@example.com,2025-12-26 19:00:00,2026-01-01 21:00:00,Delivered,DHL,TRK00000033,
S00033,O00033,C0013,lucas.0013@example.com,2025-09-18 18:00:00,2025-09-23 18:00:00,Delivered,UPS,TRK00000034,
S00034,O00034,C0014,olivia.0014@example.com,2026-02-05 17:00:00,2026-02-11 22:00:00,Delivered,USPS,TRK00000035,
S00035,O00035,C0014,olivia.0014@example.com,2025-12-09 15:00:00,2025-12-14 15:00:00,Delivered,UPS,TRK00000036,
S00036,O00036,C0014,olivia.0014@example.com,2026-02-18 11:00:00,2026-02-21 14:00:00,Delivered,USPS,TRK00000037,
S00037,O00037,C0015,harper.0015@example.com,2025-12-14 14:00:00,2025-12-18 16:00:00,Delivered,FEDEX,TRK00000038,
S00038,O00038,C0015,harper.0015@example.com,2026-02-24 09:00:00,2026-02-26 14:00:00,Delivered,USPS,TRK00000039,
S00039,O00039,C0015,harper.0015@example.com,2025-10-07 16:00:00,2025-10-09 19:00:00,Delivered,USPS,TRK00000040,
S00040,O00040,C0015,harper.0015@example.com,2026-02-21 08:00:00,,Exception,USPS,TRK00000041,Weather Delay
S00041,O00041,C0016,david.0016@example.com,2026-01-29 15:00:00,2026-01-31 17:00:00,Delivered,USPS,TRK00000042,
S00042,O00042,C0017,emma.0017@example.com,2025-11-14 20:00:00,,In Transit,UPS,TRK00000043,
S00043,O00043,C0018,camila.0018@example.com,2026-02-17 10:00:00,2026-02-21 12:00:00,Delivered,USPS,TRK00000044,
S00044,O00044,C0018,camila.0018@example.com,2025-09-05 18:00:00,2025-09-08 23:00:00,Delivered,UPS,TRK00000045,
S00045,O00045,C0018,camila.0018@example.com,2025-09-26 14:00:00,2025-09-29 16:00:00,Delivered,USPS,TRK00000046,
S00046,O00046,C0018,camila.0018@example.com,2025-11-26 09:00:00,,In Transit,FEDEX,TRK00000047,
S00047,O00047,C0018,camila.0018@example.com,2025-10-14 09:00:00,2025-10-19 12:00:00,Delivered,DHL,TRK00000048,
S00048,O00048,C0019,ethan.0019@example.com,2025-11-10 13:00:00,2025-11-14 18:00:00,Delivered,DHL,TRK00000049,
S00049,O00049,C0019,ethan.0019@example.com,2026-01-14 14:00:00,,Exception,UPS,TRK00000050,Lost in Transit
S00050,O00050,C0019,ethan.0019@example.com,2025-10-24 20:00:00,2025-10-28 20:00:00,Delivered,UPS,TRK00000051,
S00051,O00051,C0019,ethan.0019@example.com,2026-01-07 14:00:00,2026-01-10 18:00:00,Delivered,USPS,TRK00000052,
S00052,O00052,C0020,benjamin.0020@example.com,2025-12-13 08:00:00,2025-12-15 14:00:00,Delivered,USPS,TRK00000053,
S00053,O00053,C0021,samuel.0021@example.com,2025-12-21 12:00:00,2025-12-23 14:00:00,Delivered,FEDEX,TRK00000054,
S00054,O00054,C0021,samuel.0021@example.com,2026-02-07 14:00:00,,In Transit,FEDEX,TRK00000055,
S00055,O00055,C0021,samuel.0021@example.com,2025-12-22 14:00:00,,In Transit,USPS,TRK00000056,
S00056,O00056,C0021,samuel.0021@example.com,2025-10-28 16:00:00,2025-11-03 20:00:00,Delivered,FEDEX,TRK00000057,
S00057,O00057,C0021,samuel.0021@example.com,2025-11-30 11:00:00,2025-12-04 12:00:00,Delivered,FEDEX,TRK00000058,
S00058,O00058,C0022,aiden.0022@example.com,2025-10-11 20:00:00,2025-10-17 02:00:00,Delivered,DHL,TRK00000059,
S00059,O00059,C0022,aiden.0022@example.com,2026-02-25 18:00:00,,Exception,USPS,TRK00000060,Weather Delay
S00060,O00060,C0022,aiden.0022@example.com,2025-10-11 18:00:00,2025-10-15 22:00:00,Delivered,UPS,TRK00000061,
S00061,O00061,C0022,aiden.0022@example.com,2025-12-02 15:00:00,2025-12-06 21:00:00,Delivered,USPS,TRK00000062,
S00062,O00062,C0022,aiden.0022@example.com,2025-09-23 17:00:00,2025-09-28 21:00:00,Delivered,UPS,TRK00000063,
S00063,O00063,C0023,matthew.0023@example.com,2026-01-28 15:00:00,2026-01-30 18:00:00,Delivered,UPS,TRK00000064,
S00064,O00064,C0023,matthew.0023@example.com,2025-11-30 18:00:00,2025-12-03 23:00:00,Delivered,DHL,TRK00000065,
S00065,O00065,C0023,matthew.0023@example.com,2025-12-23 13:00:00,2025-12-27 16:00:00,Delivered,DHL,TRK00000066,
S00066,O00066,C0023,matthew.0023@example.com,2025-11-29 18:00:00,2025-12-03 18:00:00,Delivered,DHL,TRK00000067,
S00067,O00067,C0024,harper.0024@example.com,2025-11-07 10:00:00,2025-11-13 15:00:00,Delivered,FEDEX,TRK00000068,
S00068,O00068,C0024,harper.0024@example.com,2025-12-02 18:00:00,2025-12-08 23:00:00,Delivered,UPS,TRK00000069,
S00069,O00069,C0024,harper.0024@example.com,2025-11-21 10:00:00,2025-11-27 10:00:00,Delivered,DHL,TRK00000070,
S00070,O00070,C0025,owen.0025@example.com,2025-12-03 11:00:00,2025-12-08 12:00:00,Delivered,FEDEX,TRK00000071,
S00071,O00071,C0025,owen.0025@example.com,2025-10-07 16:00:00,2025-10-13 16:00:00,Delivered,USPS,TRK00000072,
S00072,O00072,C0025,owen.0025@example.com,2026-02-07 10:00:00,2026-02-13 16:00:00,Delivered,FEDEX,TRK00000073,
S00073,O00073,C0025,owen.0025@example.com,2025-12-25 19:00:00,2025-12-30 23:00:00,Delivered,USPS,TRK00000074,
S00074,O00074,C0025,owen.0025@example.com,2025-12-26 20:00:00,2025-12-29 22:00:00,Delivered,DHL,TRK00000075,
S00075,O00075,C0026,mia.0026@example.com,2025-11-15 14:00:00,,Exception,FEDEX,TRK00000076,Damaged
S00076,O00076,C0026,mia.0026@example.com,2025-11-06 16:00:00,,Stalled,UPS,TRK00000077,
S00077,O00077,C0026,mia.0026@example.com,2025-11-14 15:00:00,,Stalled,FEDEX,TRK00000078,
S00078,O00078,C0026,mia.0026@example.com,2025-12-23 13:00:00,,Stalled,DHL,TRK00000079,
S00079,O00079,C0027,mason.0027@example.com,2025-12-13 09:00:00,2025-12-15 11:00:00,Delivered,UPS,TRK00000080,
S00080,O00080,C0028,sofia.0028@example.com,2025-10-10 19:00:00,,In Transit,DHL,TRK00000081,
S00081,O00081,C0028,sofia.0028@example.com,2025-12-25 12:00:00,2025-12-28 16:00:00,Delivered,DHL,TRK00000082,
S00082,O00082,C0028,sofia.0028@example.com,2025-10-01 09:00:00,2025-10-06 14:00:00,Delivered,DHL,TRK00000083,
S00083,O00083,C0029,scarlett.0029@example.com,2025-10-02 16:00:00,2025-10-08 20:00:00,Delivered,FEDEX,TRK00000084,
S00084,O00084,C0030,harper.0030@example.com,2025-11-16 11:00:00,2025-11-19 16:00:00,Delivered,UPS,TRK00000085,
S00085,O00085,C0030,harper.0030@example.com,2026-01-16 16:00:00,2026-01-22 20:00:00,Delivered,UPS,TRK00000086,
S00086,O00086,C0031,owen.0031@example.com,2026-01-01 12:00:00,2026-01-05 18:00:00,Delivered,UPS,TRK00000087,
S00087,O00087,C0031,owen.0031@example.com,2025-12-01 09:00:00,2025-12-05 10:00:00,Delivered,UPS,TRK00000088,
S00088,O00088,C0031,owen.0031@example.com,2025-12-01 20:00:00,2025-12-07 01:00:00,Delivered,FEDEX,TRK00000089,
S00089,O00089,C0031,owen.0031@example.com,2025-10-06 12:00:00,2025-10-09 12:00:00,Delivered,USPS,TRK00000090,
S00090,O00090,C0032,scarlett.0032@example.com,2026-01-12 12:00:00,2026-01-15 14:00:00,Delivered,USPS,TRK00000091,
S00091,O00091,C0032,scarlett.0032@example.com,2025-09-15 09:00:00,2025-09-20 12:00:00,Delivered,DHL,TRK00000092,
S00092,O00092,C0032,scarlett.0032@example.com,2025-12-10 19:00:00,2025-12-16 21:00:00,Delivered,UPS,TRK00000093,
S00093,O00093,C0033,sophia.0033@example.com,2025-09-24 12:00:00,2025-09-26 14:00:00,Delivered,USPS,TRK00000094,
S00094,O00094,C0033,sophia.0033@example.com,2025-11-19 19:00:00,2025-11-24 19:00:00,Delivered,USPS,TRK00000095,
S00095,O00095,C0033,sophia.0033@example.com,2026-02-08 20:00:00,,Stalled,UPS,TRK00000096,
S00096,O00096,C0033,sophia.0033@example.com,2026-02-22 20:00:00,2026-02-25 20:00:00,Delivered,FEDEX,TRK00000097,
S00097,O00097,C0034,samuel.0034@example.com,2026-02-22 09:00:00,2026-02-26 11:00:00,Delivered,DHL,TRK00000098,
S00098,O00098,C0034,samuel.0034@example.com,2026-01-27 15:00:00,,Stalled,USPS,TRK00000099,
S00099,O00099,C0034,samuel.0034@example.com,2025-12-24 16:00:00,2025-12-28 21:00:00,Delivered,USPS,TRK00000100,
S00100,O00100,C0034,samuel.0034@example.com,2025-11-06 10:00:00,2025-11-11 14:00:00,Delivered,UPS,TRK00000101,
S00101,O00101,C0034,samuel.0034@example.com,2025-11-08 17:00:00,2025-11-13 18:00:00,Delivered,UPS,TRK00000102,
S00102,O00102,C0035,harper.0035@example.com,2025-09-20 20:00:00,2025-09-25 01:00:00,Delivered,USPS,TRK00000103,
S00103,O00103,C0035,harper.0035@example.com,2025-09-19 10:00:00,2025-09-22 16:00:00,Delivered,USPS,TRK00000104,
S00104,O00104,C0036,samuel.0036@example.com,2025-10-29 11:00:00,2025-10-31 13:00:00,Delivered,USPS,TRK00000105,
S00105,O00105,C0036,samuel.0036@example.com,2025-12-30 17:00:00,,In Transit,UPS,TRK00000106,
S00106,O00106,C0036,samuel.0036@example.com,2025-11-22 14:00:00,2025-11-28 14:00:00,Delivered,FEDEX,TRK00000107,
S00107,O00107,C0036,samuel.0036@example.com,2025-11-23 18:00:00,2025-11-27 00:00:00,Delivered,FEDEX,TRK00000108,
S00108,O00108,C0036,samuel.0036@example.com,2025-10-05 16:00:00,2025-10-08 17:00:00,Delivered,USPS,TRK00000109,
S00109,O00109,C0037,aiden.0037@example.com,2025-11-30 09:00:00,2025-12-06 11:00:00,Delivered,FEDEX,TRK00000110,
S00110,O00110,C0037,aiden.0037@example.com,2026-02-09 16:00:00,2026-02-15 20:00:00,Delivered,FEDEX,TRK00000111,
S00111,O00111,C0038,james.0038@example.com,2026-02-18 17:00:00,2026-02-20 17:00:00,Delivered,UPS,TRK00000112,
S00112,O00112,C0038,james.0038@example.com,2026-02-15 11:00:00,2026-02-20 15:00:00,Delivered,UPS,TRK00000113,
S00113,O00113,C0039,jack.0039@example.com,2026-02-10 15:00:00,2026-02-15 17:00:00,Delivered,DHL,TRK00000114,
S00114,O00114,C0039,jack.0039@example.com,2025-09-21 14:00:00,2025-09-24 16:00:00,Delivered,FEDEX,TRK00000115,
S00115,O00115,C0039,jack.0039@example.com,2025-11-23 13:00:00,,Exception,USPS,TRK00000116,Damaged
S00116,O00116,C0039,jack.0039@example.com,2026-01-11 15:00:00,2026-01-16 16:00:00,Delivered,FEDEX,TRK00000117,
S00117,O00117,C0040,emma.0040@example.com,2025-09-16 14:00:00,2025-09-19 20:00:00,Delivered,USPS,TRK00000118,
S00118,O00118,C0041,olivia.0041@example.com,2025-11-22 16:00:00,2025-11-26 19:00:00,Delivered,UPS,TRK00000119,
S00119,O00119,C0041,olivia.0041@example.com,2025-09-26 11:00:00,2025-09-30 11:00:00,Delivered,UPS,TRK00000120,
S00120,O00120,C0041,olivia.0041@example.com,2025-11-15 15:00:00,2025-11-17 21:00:00,Delivered,UPS,TRK00000121,
S00121,O00121,C0041,olivia.0041@example.com,2025-12-23 13:00:00,2025-12-27 13:00:00,Delivered,DHL,TRK00000122,
S00122,O00122,C0041,olivia.0041@example.com,2025-09-16 16:00:00,2025-09-21 20:00:00,Delivered,DHL,TRK00000123,
S00123,O00123,C0042,samuel.0042@example.com,2025-11-14 17:00:00,2025-11-16 20:00:00,Delivered,USPS,TRK00000124,
S00124,O00124,C0042,samuel.0042@example.com,2025-11-27 11:00:00,2025-12-02 15:00:00,Delivered,UPS,TRK00000125,
S00125,O00125,C0042,samuel.0042@example.com,2025-09-14 16:00:00,2025-09-20 20:00:00,Delivered,FEDEX,TRK00000126,
S00126,O00126,C0042,samuel.0042@example.com,2025-11-24 14:00:00,,Exception,USPS,TRK00000127,Weather Delay
S00127,O00127,C0042,samuel.0042@example.com,2026-01-10 19:00:00,2026-01-16 01:00:00,Delivered,UPS,TRK00000128,
S00128,O00128,C0043,daniel.0043@example.com,2025-11-27 12:00:00,2025-11-29 16:00:00,Delivered,DHL,TRK00000129,
S00129,O00129,C0043,daniel.0043@example.com,2025-11-10 11:00:00,2025-11-16 14:00:00,Delivered,FEDEX,TRK00000130,
S00130,O00130,C0043,daniel.0043@example.com,2026-01-15 10:00:00,,In Transit,FEDEX,TRK00000131,
S00131,O00131,C0044,isabella.0044@example.com,2026-01-26 08:00:00,2026-01-31 09:00:00,Delivered,DHL,TRK00000132,
S00132,O00132,C0045,benjamin.0045@example.com,2025-12-17 19:00:00,2025-12-20 23:00:00,Delivered,FEDEX,TRK00000133,
S00133,O00133,C0045,benjamin.0045@example.com,2026-01-25 14:00:00,2026-01-28 17:00:00,Delivered,USPS,TRK00000134,
S00134,O00134,C0046,isabella.0046@example.com,2025-12-03 20:00:00,2025-12-09 23:00:00,Delivered,FEDEX,TRK00000135,
S00135,O00135,C0046,isabella.0046@example.com,2025-11-04 12:00:00,2025-11-07 17:00:00,Delivered,DHL,TRK00000136,
S00136,O00136,C0046,isabella.0046@example.com,2025-11-24 12:00:00,2025-11-30 17:00:00,Delivered,DHL,TRK00000137,
S00137,O00137,C0046,isabella.0046@example.com,2025-12-13 08:00:00,2025-12-15 10:00:00,Delivered,DHL,TRK00000138,
S00138,O00138,C0046,isabella.0046@example.com,2026-02-16 11:00:00,,In Transit,USPS,TRK00000139,
S00139,O00139,C0047,avery.0047@example.com,2026-03-01 19:00:00,2026-03-04 19:00:00,Delivered,FEDEX,TRK00000140,
S00140,O00140,C0047,avery.0047@example.com,2026-02-13 13:00:00,2026-02-15 18:00:00,Delivered,FEDEX,TRK00000141,
S00141,O00141,C0047,avery.0047@example.com,2025-09-04 18:00:00,,Stalled,DHL,TRK00000142,
S00142,O00142,C0047,avery.0047@example.com,2026-01-03 12:00:00,2026-01-05 17:00:00,Delivered,FEDEX,TRK00000143,
S00143,O00143,C0047,avery.0047@example.com,2026-01-16 14:00:00,,In Transit,FEDEX,TRK00000144,
S00144,O00144,C0048,evelyn.0048@example.com,2025-12-14 12:00:00,,In Transit,UPS,TRK00000145,
S00145,O00145,C0049,james.0049@example.com,2026-01-26 15:00:00,,Exception,FEDEX,TRK00000146,Address Issue
S00146,O00146,C0049,james.0049@example.com,2026-01-09 13:00:00,2026-01-14 18:00:00,Delivered,USPS,TRK00000147,
S00147,O00147,C0049,james.0049@example.com,2025-10-20 17:00:00,2025-10-23 18:00:00,Delivered,DHL,TRK00000148,
S00148,O00148,C0050,ava.0050@example.com,2026-01-13 09:00:00,2026-01-16 12:00:00,Delivered,USPS,TRK00000149,
S00149,O00149,C0050,ava.0050@example.com,2025-11-04 15:00:00,2025-11-08 17:00:00,Delivered,UPS,TRK00000150,
S00150,O00150,C0050,ava.0050@example.com,2025-11-07 18:00:00,2025-11-11 19:00:00,Delivered,DHL,TRK00000151,
S00151,O00151,C0050,ava.0050@example.com,2026-02-26 09:00:00,2026-03-02 11:00:00,Delivered,FEDEX,TRK00000152,
S00152,O00152,C0051,oliver.0051@example.com,2025-10-08 17:00:00,2025-10-14 20:00:00,Delivered,FEDEX,TRK00000153,
S00153,O00153,C0051,oliver.0051@example.com,2025-11-04 16:00:00,2025-11-08 16:00:00,Delivered,UPS,TRK00000154,
S00154,O00154,C0052,harper.0052@example.com,2026-01-22 16:00:00,2026-01-26 22:00:00,Delivered,DHL,TRK00000155,
S00155,O00155,C0053,benjamin.0053@example.com,2026-02-24 09:00:00,,In Transit,DHL,TRK00000156,
S00156,O00156,C0054,david.0054@example.com,2025-12-28 17:00:00,2026-01-02 22:00:00,Delivered,USPS,TRK00000157,
S00157,O00157,C0055,emily.0055@example.com,2025-12-14 11:00:00,2025-12-16 14:00:00,Delivered,USPS,TRK00000158,
S00158,O00158,C0056,ethan.0056@example.com,2026-01-19 08:00:00,2026-01-22 14:00:00,Delivered,FEDEX,TRK00000159,
S00159,O00159,C0057,harper.0057@example.com,2025-12-07 14:00:00,2025-12-13 15:00:00,Delivered,USPS,TRK00000160,
S00160,O00160,C0057,harper.0057@example.com,2025-10-03 16:00:00,2025-10-06 22:00:00,Delivered,UPS,TRK00000161,
S00161,O00161,C0057,harper.0057@example.com,2025-09-09 19:00:00,2025-09-15 22:00:00,Delivered,FEDEX,TRK00000162,
S00162,O00162,C0057,harper.0057@example.com,2025-11-05 11:00:00,,Stalled,UPS,TRK00000163,
S00163,O00163,C0058,olivia.0058@example.com,2026-02-18 11:00:00,2026-02-24 11:00:00,Delivered,DHL,TRK00000164,
S00164,O00164,C0059,mia.0059@example.com,2026-02-21 19:00:00,2026-02-26 20:00:00,Delivered,FEDEX,TRK00000165,
S00165,O00165,C0059,mia.0059@example.com,2025-09-16 19:00:00,2025-09-22 23:00:00,Delivered,USPS,TRK00000166,
S00166,O00166,C0059,mia.0059@example.com,2025-11-03 16:00:00,2025-11-07 18:00:00,Delivered,UPS,TRK00000167,
S00167,O00167,C0059,mia.0059@example.com,2026-01-24 18:00:00,2026-01-29 18:00:00,Delivered,USPS,TRK00000168,
S00168,O00168,C0059,mia.0059@example.com,2026-02-14 19:00:00,2026-02-17 21:00:00,Delivered,DHL,TRK00000169,
S00169,O00169,C0060,sophia.0060@example.com,2026-01-18 19:00:00,2026-01-23 19:00:00,Delivered,DHL,TRK00000170,
S00170,O00170,C0060,sophia.0060@example.com,2025-12-18 11:00:00,2025-12-22 16:00:00,Delivered,UPS,TRK00000171,
S00171,O00171,C0061,sofia.0061@example.com,2025-12-05 12:00:00,2025-12-11 16:00:00,Delivered,UPS,TRK00000172,
S00172,O00172,C0061,sofia.0061@example.com,2025-09-22 18:00:00,2025-09-27 19:00:00,Delivered,USPS,TRK00000173,
S00173,O00173,C0061,sofia.0061@example.com,2025-11-18 11:00:00,,Exception,DHL,TRK00000174,Lost in Transit
S00174,O00174,C0061,sofia.0061@example.com,2025-11-04 11:00:00,2025-11-08 14:00:00,Delivered,DHL,TRK00000175,
S00175,O00175,C0062,aiden.0062@example.com,2026-02-16 16:00:00,,In Transit,DHL,TRK00000176,
S00176,O00176,C0062,aiden.0062@example.com,2025-09-28 11:00:00,2025-10-03 11:00:00,Delivered,FEDEX,TRK00000177,
S00177,O00177,C0062,aiden.0062@example.com,2025-10-11 17:00:00,2025-10-15 18:00:00,Delivered,FEDEX,TRK00000178,
S00178,O00178,C0062,aiden.0062@example.com,2025-11-25 15:00:00,2025-11-29 17:00:00,Delivered,DHL,TRK00000179,
S00179,O00179,C0062,aiden.0062@example.com,2026-02-13 19:00:00,2026-02-16 20:00:00,Delivered,DHL,TRK00000180,
S00180,O00180,C0063,olivia.0063@example.com,2026-01-20 08:00:00,,In Transit,UPS,TRK00000181,
S00181,O00181,C0063,olivia.0063@example.com,2026-02-21 10:00:00,,In Transit,FEDEX,TRK00000182,
S00182,O00182,C0064,olivia.0064@example.com,2025-10-11 13:00:00,2025-10-17 16:00:00,Delivered,DHL,TRK00000183,
S00183,O00183,C0065,olivia.0065@example.com,2025-09-03 08:00:00,2025-09-07 12:00:00,Delivered,USPS,TRK00000184,
S00184,O00184,C0066,scarlett.0066@example.com,2026-01-08 09:00:00,,Stalled,FEDEX,TRK00000185,
S00185,O00185,C0067,ava.0067@example.com,2025-10-22 12:00:00,2025-10-24 14:00:00,Delivered,DHL,TRK00000186,
S00186,O00186,C0067,ava.0067@example.com,2025-12-29 18:00:00,,In Transit,UPS,TRK00000187,
S00187,O00187,C0068,isabella.0068@example.com,2025-09-27 15:00:00,2025-09-29 20:00:00,Delivered,FEDEX,TRK00000188,
S00188,O00188,C0069,david.0069@example.com,2026-01-08 17:00:00,,Exception,UPS,TRK00000189,Lost in Transit
S00189,O00189,C0070,mason.0070@example.com,2025-10-27 12:00:00,2025-10-29 17:00:00,Delivered,USPS,TRK00000190,
S00190,O00190,C0070,mason.0070@example.com,2026-01-19 13:00:00,2026-01-22 17:00:00,Delivered,FEDEX,TRK00000191,
S00191,O00191,C0071,matthew.0071@example.com,2025-09-21 17:00:00,,In Transit,DHL,TRK00000192,
S00192,O00192,C0071,matthew.0071@example.com,2026-02-23 20:00:00,2026-02-26 00:00:00,Delivered,USPS,TRK00000193,
S00193,O00193,C0071,matthew.0071@example.com,2025-09-15 13:00:00,2025-09-21 17:00:00,Delivered,DHL,TRK00000194,
S00194,O00194,C0071,matthew.0071@example.com,2025-11-25 15:00:00,2025-12-01 18:00:00,Delivered,DHL,TRK00000195,
S00195,O00195,C0072,elijah.0072@example.com,2026-02-23 20:00:00,2026-02-27 01:00:00,Delivered,UPS,TRK00000196,
S00196,O00196,C0072,elijah.0072@example.com,2025-09-25 20:00:00,2025-09-30 22:00:00,Delivered,USPS,TRK00000197,
S00197,O00197,C0073,sofia.0073@example.com,2025-09-26 13:00:00,2025-09-28 14:00:00,Delivered,UPS,TRK00000198,
S00198,O00198,C0074,david.0074@example.com,2025-12-23 14:00:00,2025-12-25 16:00:00,Delivered,UPS,TRK00000199,
S00199,O00199,C0074,david.0074@example.com,2026-02-02 08:00:00,2026-02-07 14:00:00,Delivered,UPS,TRK00000200,
S00200,O00200,C0075,amelia.0075@example.com,2025-11-05 14:00:00,2025-11-09 16:00:00,Delivered,USPS,TRK00000201,
S00201,O00201,C0075,amelia.0075@example.com,2026-01-07 12:00:00,2026-01-12 18:00:00,Delivered,UPS,TRK00000202,
S00202,O00202,C0075,amelia.0075@example.com,2025-12-05 18:00:00,2025-12-11 19:00:00,Delivered,DHL,TRK00000203,
S00203,O00203,C0075,amelia.0075@example.com,2025-09-30 13:00:00,,In Transit,DHL,TRK00000204,
S00204,O00204,C0075,amelia.0075@example.com,2025-11-27 17:00:00,2025-12-01 21:00:00,Delivered,FEDEX,TRK00000205,
S00205,O00205,C0076,amelia.0076@example.com,2025-11-22 12:00:00,2025-11-27 16:00:00,Delivered,FEDEX,TRK00000206,
S00206,O00206,C0076,amelia.0076@example.com,2025-11-25 09:00:00,,Stalled,FEDEX,TRK00000207,
S00207,O00207,C0076,amelia.0076@example.com,2026-02-02 20:00:00,2026-02-08 01:00:00,Delivered,FEDEX,TRK00000208,
S00208,O00208,C0076,amelia.0076@example.com,2025-12-24 18:00:00,2025-12-28 19:00:00,Delivered,USPS,TRK00000209,
S00209,O00209,C0077,noah.0077@example.com,2025-12-20 17:00:00,2025-12-25 21:00:00,Delivered,DHL,TRK00000210,
S00210,O00210,C0077,noah.0077@example.com,2026-01-21 20:00:00,2026-01-23 20:00:00,Delivered,FEDEX,TRK00000211,
S00211,O00211,C0078,logan.0078@example.com,2025-10-16 18:00:00,2025-10-22 00:00:00,Delivered,USPS,TRK00000212,
S00212,O00212,C0078,logan.0078@example.com,2025-12-22 11:00:00,2025-12-28 15:00:00,Delivered,FEDEX,TRK00000213,
S00213,O00213,C0078,logan.0078@example.com,2025-12-27 17:00:00,2025-12-30 19:00:00,Delivered,UPS,TRK00000214,
S00214,O00214,C0079,amelia.0079@example.com,2025-09-28 19:00:00,2025-10-02 21:00:00,Delivered,DHL,TRK00000215,
S00215,O00215,C0079,amelia.0079@example.com,2025-10-25 09:00:00,2025-10-30 11:00:00,Delivered,UPS,TRK00000216,
S00216,O00216,C0079,amelia.0079@example.com,2025-11-17 13:00:00,2025-11-20 18:00:00,Delivered,FEDEX,TRK00000217,
S00217,O00217,C0079,amelia.0079@example.com,2026-01-13 16:00:00,2026-01-18 17:00:00,Delivered,DHL,TRK00000218,
S00218,O00218,C0080,oliver.0080@example.com,2025-10-20 08:00:00,2025-10-23 11:00:00,Delivered,DHL,TRK00000219,
S00219,O00219,C0080,oliver.0080@example.com,2025-12-10 12:00:00,2025-12-12 16:00:00,Delivered,UPS,TRK00000220,
S00220,O00220,C0081,oliver.0081@example.com,2025-10-20 09:00:00,2025-10-25 13:00:00,Delivered,USPS,TRK00000221,
S00221,O00221,C0081,oliver.0081@example.com,2026-02-03 09:00:00,2026-02-08 13:00:00,Delivered,FEDEX,TRK00000222,
S00222,O00222,C0081,oliver.0081@example.com,2026-02-23 17:00:00,2026-02-26 19:00:00,Delivered,UPS,TRK00000223,
S00223,O00223,C0081,oliver.0081@example.com,2025-11-03 19:00:00,2025-11-08 22:00:00,Delivered,FEDEX,TRK00000224,
S00224,O00224,C0081,oliver.0081@example.com,2026-01-28 18:00:00,2026-01-31 22:00:00,Delivered,FEDEX,TRK00000225,
S00225,O00225,C0082,harper.0082@example.com,2025-11-15 17:00:00,2025-11-19 17:00:00,Delivered,DHL,TRK00000226,
S00226,O00226,C0082,harper.0082@example.com,2025-10-08 16:00:00,2025-10-13 21:00:00,Delivered,DHL,TRK00000227,
S00227,O00227,C0082,harper.0082@example.com,2025-12-18 10:00:00,2025-12-20 16:00:00,Delivered,FEDEX,TRK00000228,
S00228,O00228,C0082,harper.0082@example.com,2025-11-17 12:00:00,2025-11-22 16:00:00,Delivered,DHL,TRK00000229,
S00229,O00229,C0083,ella.0083@example.com,2026-01-11 20:00:00,2026-01-16 00:00:00,Delivered,UPS,TRK00000230,
S00230,O00230,C0083,ella.0083@example.com,2025-12-23 19:00:00,,In Transit,FEDEX,TRK00000231,
S00231,O00231,C0083,ella.0083@example.com,2025-11-18 12:00:00,2025-11-20 15:00:00,Delivered,UPS,TRK00000232,
S00232,O00232,C0083,ella.0083@example.com,2025-11-03 13:00:00,,In Transit,DHL,TRK00000233,
S00233,O00233,C0083,ella.0083@example.com,2025-10-14 20:00:00,2025-10-19 00:00:00,Delivered,USPS,TRK00000234,
S00234,O00234,C0084,ella.0084@example.com,2026-01-18 17:00:00,2026-01-24 22:00:00,Delivered,UPS,TRK00000235,
S00235,O00235,C0084,ella.0084@example.com,2025-10-06 12:00:00,,In Transit,FEDEX,TRK00000236,
S00236,O00236,C0084,ella.0084@example.com,2026-02-28 19:00:00,2026-03-04 01:00:00,Delivered,DHL,TRK00000237,
S00237,O00237,C0084,ella.0084@example.com,2026-01-06 18:00:00,2026-01-11 18:00:00,Delivered,UPS,TRK00000238,
S00238,O00238,C0084,ella.0084@example.com,2025-12-16 13:00:00,2025-12-21 15:00:00,Delivered,UPS,TRK00000239,
S00239,O00239,C0085,camila.0085@example.com,2025-12-28 20:00:00,2025-12-31 23:00:00,Delivered,FEDEX,TRK00000240,
S00240,O00240,C0086,henry.0086@example.com,2025-11-10 16:00:00,2025-11-16 22:00:00,Delivered,DHL,TRK00000241,
S00241,O00241,C0086,henry.0086@example.com,2025-11-28 09:00:00,2025-12-03 09:00:00,Delivered,UPS,TRK00000242,
S00242,O00242,C0086,henry.0086@example.com,2025-10-13 11:00:00,,Exception,USPS,TRK00000243,Damaged
S00243,O00243,C0086,henry.0086@example.com,2025-10-12 18:00:00,2025-10-14 20:00:00,Delivered,FEDEX,TRK00000244,
S00244,O00244,C0087,liam.0087@example.com,2025-12-13 18:00:00,2025-12-15 18:00:00,Delivered,FEDEX,TRK00000245,
S00245,O00245,C0088,sofia.0088@example.com,2025-09-23 18:00:00,2025-09-25 23:00:00,Delivered,USPS,TRK00000246,
S00246,O00246,C0088,sofia.0088@example.com,2025-10-04 10:00:00,2025-10-07 13:00:00,Delivered,UPS,TRK00000247,
S00247,O00247,C0088,sofia.0088@example.com,2025-09-29 10:00:00,2025-10-02 15:00:00,Delivered,FEDEX,TRK00000248,
S00248,O00248,C0088,sofia.0088@example.com,2025-09-21 18:00:00,2025-09-25 23:00:00,Delivered,FEDEX,TRK00000249,
S00249,O00249,C0089,ethan.0089@example.com,2025-12-16 09:00:00,,In Transit,FEDEX,TRK00000250,
S00250,O00250,C0089,ethan.0089@example.com,2025-10-04 14:00:00,2025-10-07 15:00:00,Delivered,USPS,TRK00000251,
S00251,O00251,C0090,wyatt.0090@example.com,2025-11-06 17:00:00,2025-11-08 23:00:00,Delivered,USPS,TRK00000252,
S00252,O00252,C0091,joseph.0091@example.com,2026-01-14 14:00:00,2026-01-16 20:00:00,Delivered,FEDEX,TRK00000253,
S00253,O00253,C0091,joseph.0091@example.com,2026-01-07 18:00:00,2026-01-13 18:00:00,Delivered,USPS,TRK00000254,
S00254,O00254,C0092,abigail.0092@example.com,2025-10-06 13:00:00,2025-10-09 19:00:00,Delivered,DHL,TRK00000255,
S00255,O00255,C0092,abigail.0092@example.com,2025-09-20 12:00:00,2025-09-22 18:00:00,Delivered,DHL,TRK00000256,
S00256,O00256,C0092,abigail.0092@example.com,2026-01-10 14:00:00,2026-01-12 19:00:00,Delivered,FEDEX,TRK00000257,
S00257,O00257,C0093,dylan.0093@example.com,2025-09-23 20:00:00,2025-09-27 23:00:00,Delivered,UPS,TRK00000258,
S00258,O00258,C0093,dylan.0093@example.com,2025-11-20 11:00:00,2025-11-25 11:00:00,Delivered,DHL,TRK00000259,
S00259,O00259,C0093,dylan.0093@example.com,2026-02-07 19:00:00,2026-02-10 19:00:00,Delivered,UPS,TRK00000260,
S00260,O00260,C0094,henry.0094@example.com,2026-03-01 16:00:00,2026-03-05 17:00:00,Delivered,USPS,TRK00000261,
S00261,O00261,C0094,henry.0094@example.com,2025-10-06 09:00:00,2025-10-08 11:00:00,Delivered,DHL,TRK00000262,
S00262,O00262,C0095,aria.0095@example.com,2026-01-16 09:00:00,2026-01-22 11:00:00,Delivered,UPS,TRK00000263,
S00263,O00263,C0095,aria.0095@example.com,2026-01-08 10:00:00,2026-01-10 14:00:00,Delivered,UPS,TRK00000264,
S00264,O00264,C0095,aria.0095@example.com,2025-10-30 08:00:00,2025-11-04 10:00:00,Delivered,DHL,TRK00000265,
S00265,O00265,C0096,evelyn.0096@example.com,2025-10-19 20:00:00,,Stalled,DHL,TRK00000266,
S00266,O00266,C0096,evelyn.0096@example.com,2025-10-31 13:00:00,2025-11-02 17:00:00,Delivered,USPS,TRK00000267,
S00267,O00267,C0097,scarlett.0097@example.com,2026-01-08 11:00:00,,In Transit,UPS,TRK00000268,
S00268,O00268,C0098,ethan.0098@example.com,2025-09-20 13:00:00,2025-09-25 13:00:00,Delivered,USPS,TRK00000269,
S00269,O00269,C0098,ethan.0098@example.com,2025-10-25 17:00:00,2025-10-29 21:00:00,Delivered,DHL,TRK00000270,
S00270,O00270,C0098,ethan.0098@example.com,2025-10-22 10:00:00,2025-10-27 10:00:00,Delivered,FEDEX,TRK00000271,
S00271,O00271,C0098,ethan.0098@example.com,2026-01-19 08:00:00,2026-01-24 14:00:00,Delivered,USPS,TRK00000272,
S00272,O00272,C0099,daniel.0099@example.com,2025-10-25 15:00:00,,Exception,USPS,TRK00000273,Damaged
S00273,O00273,C0100,dylan.0100@example.com,2025-09-14 19:00:00,,In Transit,DHL,TRK00000274,
S00274,O00274,C0101,scarlett.0101@example.com,2026-01-30 14:00:00,2026-02-05 14:00:00,Delivered,DHL,TRK00000275,
S00275,O00275,C0102,avery.0102@example.com,2025-11-02 19:00:00,,In Transit,USPS,TRK00000276,
S00276,O00276,C0102,avery.0102@example.com,2025-11-22 11:00:00,2025-11-28 11:00:00,Delivered,FEDEX,TRK00000277,
S00277,O00277,C0103,oliver.0103@example.com,2025-10-15 09:00:00,2025-10-18 12:00:00,Delivered,USPS,TRK00000278,
S00278,O00278,C0104,matthew.0104@example.com,2025-11-08 20:00:00,2025-11-14 20:00:00,Delivered,FEDEX,TRK00000279,
S00279,O00279,C0104,matthew.0104@example.com,2025-11-25 14:00:00,2025-11-29 16:00:00,Delivered,FEDEX,TRK00000280,
S00280,O00280,C0104,matthew.0104@example.com,2025-09-11 19:00:00,2025-09-13 22:00:00,Delivered,UPS,TRK00000281,
S00281,O00281,C0104,matthew.0104@example.com,2025-10-07 10:00:00,2025-10-12 12:00:00,Delivered,UPS,TRK00000282,
S00282,O00282,C0105,isabella.0105@example.com,2026-01-30 09:00:00,2026-02-04 15:00:00,Delivered,FEDEX,TRK00000283,
S00283,O00283,C0105,isabella.0105@example.com,2025-09-25 08:00:00,,Stalled,UPS,TRK00000284,
S00284,O00284,C0105,isabella.0105@example.com,2025-10-17 14:00:00,2025-10-22 19:00:00,Delivered,DHL,TRK00000285,
S00285,O00285,C0105,isabella.0105@example.com,2025-10-17 12:00:00,2025-10-20 12:00:00,Delivered,FEDEX,TRK00000286,
S00286,O00286,C0105,isabella.0105@example.com,2026-02-16 15:00:00,2026-02-20 18:00:00,Delivered,FEDEX,TRK00000287,
S00287,O00287,C0106,joseph.0106@example.com,2025-10-23 18:00:00,,Exception,DHL,TRK00000288,Lost in Transit
S00288,O00288,C0106,joseph.0106@example.com,2025-12-03 17:00:00,2025-12-08 19:00:00,Delivered,FEDEX,TRK00000289,
S00289,O00289,C0106,joseph.0106@example.com,2025-09-08 20:00:00,2025-09-11 02:00:00,Delivered,DHL,TRK00000290,
S00290,O00290,C0106,joseph.0106@example.com,2026-01-15 10:00:00,2026-01-18 12:00:00,Delivered,UPS,TRK00000291,
S00291,O00291,C0107,benjamin.0107@example.com,2026-01-28 10:00:00,2026-02-03 12:00:00,Delivered,USPS,TRK00000292,
S00292,O00292,C0107,benjamin.0107@example.com,2026-02-02 17:00:00,2026-02-05 23:00:00,Delivered,DHL,TRK00000293,
S00293,O00293,C0108,owen.0108@example.com,2025-11-20 08:00:00,2025-11-23 08:00:00,Delivered,DHL,TRK00000294,
S00294,O00294,C0108,owen.0108@example.com,2025-09-02 20:00:00,2025-09-06 02:00:00,Delivered,USPS,TRK00000295,
S00295,O00295,C0108,owen.0108@example.com,2025-09-19 10:00:00,2025-09-25 16:00:00,Delivered,USPS,TRK00000296,
S00296,O00296,C0108,owen.0108@example.com,2025-09-22 09:00:00,2025-09-26 10:00:00,Delivered,FEDEX,TRK00000297,
S00297,O00297,C0108,owen.0108@example.com,2025-12-24 13:00:00,2025-12-30 18:00:00,Delivered,USPS,TRK00000298,
S00298,O00298,C0109,henry.0109@example.com,2026-02-20 12:00:00,2026-02-24 13:00:00,Delivered,FEDEX,TRK00000299,
S00299,O00299,C0109,henry.0109@example.com,2025-09-03 20:00:00,,Exception,FEDEX,TRK00000300,Lost in Transit
S00300,O00300,C0110,daniel.0110@example.com,2025-11-22 18:00:00,2025-11-27 19:00:00,Delivered,USPS,TRK00000301,
S00301,O00301,C0110,daniel.0110@example.com,2025-09-21 18:00:00,,In Transit,UPS,TRK00000302,
S00302,O00302,C0110,daniel.0110@example.com,2026-02-21 08:00:00,2026-02-24 13:00:00,Delivered,UPS,TRK00000303,
S00303,O00303,C0110,daniel.0110@example.com,2025-12-02 08:00:00,2025-12-07 13:00:00,Delivered,DHL,TRK00000304,
S00304,O00304,C0110,daniel.0110@example.com,2025-10-15 13:00:00,2025-10-17 19:00:00,Delivered,DHL,TRK00000305,
S00305,O00305,C0111,camila.0111@example.com,2026-02-15 15:00:00,2026-02-17 17:00:00,Delivered,UPS,TRK00000306,
S00306,O00306,C0111,camila.0111@example.com,2025-11-22 13:00:00,2025-11-27 14:00:00,Delivered,UPS,TRK00000307,
S00307,O00307,C0111,camila.0111@example.com,2026-01-21 17:00:00,,Exception,UPS,TRK00000308,Address Issue
S00308,O00308,C0111,camila.0111@example.com,2025-12-23 14:00:00,2025-12-25 16:00:00,Delivered,FEDEX,TRK00000309,
S00309,O00309,C0111,camila.0111@example.com,2025-10-22 19:00:00,2025-10-26 21:00:00,Delivered,FEDEX,TRK00000310,
S00310,O00310,C0112,camila.0112@example.com,2025-09-15 10:00:00,2025-09-17 13:00:00,Delivered,UPS,TRK00000311,
S00311,O00311,C0113,mason.0113@example.com,2026-02-18 09:00:00,2026-02-21 14:00:00,Delivered,USPS,TRK00000312,
S00312,O00312,C0113,mason.0113@example.com,2025-09-23 20:00:00,2025-09-29 01:00:00,Delivered,USPS,TRK00000313,
S00313,O00313,C0113,mason.0113@example.com,2025-09-25 13:00:00,,In Transit,USPS,TRK00000314,
S00314,O00314,C0114,ella.0114@example.com,2025-12-26 12:00:00,2025-12-30 16:00:00,Delivered,UPS,TRK00000315,
S00315,O00315,C0114,ella.0114@example.com,2025-10-10 18:00:00,2025-10-16 21:00:00,Delivered,FEDEX,TRK00000316,
S00316,O00316,C0115,oliver.0115@example.com,2025-09-18 16:00:00,2025-09-23 20:00:00,Delivered,FEDEX,TRK00000317,
S00317,O00317,C0115,oliver.0115@example.com,2026-01-03 08:00:00,2026-01-09 14:00:00,Delivered,FEDEX,TRK00000318,
S00318,O00318,C0115,oliver.0115@example.com,2025-10-02 10:00:00,,Exception,FEDEX,TRK00000319,Damaged
S00319,O00319,C0115,oliver.0115@example.com,2025-09-13 11:00:00,,Exception,USPS,TRK00000320,Damaged
S00320,O00320,C0115,oliver.0115@example.com,2025-11-22 14:00:00,2025-11-28 16:00:00,Delivered,USPS,TRK00000321,
S00321,O00321,C0116,emily.0116@example.com,2025-12-30 17:00:00,2026-01-04 17:00:00,Delivered,DHL,TRK00000322,
S00322,O00322,C0116,emily.0116@example.com,2025-10-12 20:00:00,,Exception,UPS,TRK00000323,Lost in Transit
S00323,O00323,C0116,emily.0116@example.com,2026-01-26 13:00:00,,In Transit,USPS,TRK00000324,
S00324,O00324,C0116,emily.0116@example.com,2025-12-11 15:00:00,2025-12-15 18:00:00,Delivered,FEDEX,TRK00000325,
S00325,O00325,C0116,emily.0116@example.com,2026-02-07 14:00:00,,In Transit,USPS,TRK00000326,
S00326,O00326,C0117,liam.0117@example.com,2025-09-15 08:00:00,2025-09-19 10:00:00,Delivered,USPS,TRK00000327,
S00327,O00327,C0117,liam.0117@example.com,2026-01-05 11:00:00,2026-01-10 17:00:00,Delivered,USPS,TRK00000328,
S00328,O00328,C0118,scarlett.0118@example.com,2025-12-17 15:00:00,2025-12-22 20:00:00,Delivered,DHL,TRK00000329,
S00329,O00329,C0118,scarlett.0118@example.com,2026-01-14 20:00:00,2026-01-19 01:00:00,Delivered,DHL,TRK00000330,
S00330,O00330,C0118,scarlett.0118@example.com,2025-10-08 08:00:00,2025-10-11 14:00:00,Delivered,UPS,TRK00000331,
S00331,O00331,C0119,samuel.0119@example.com,2025-09-12 11:00:00,2025-09-17 15:00:00,Delivered,DHL,TRK00000332,
S00332,O00332,C0119,samuel.0119@example.com,2026-02-11 13:00:00,2026-02-16 14:00:00,Delivered,DHL,TRK00000333,
S00333,O00333,C0120,matthew.0120@example.com,2026-01-22 19:00:00,,In Transit,UPS,TRK00000334,
S00334,O00334,C0120,matthew.0120@example.com,2025-11-13 17:00:00,2025-11-16 23:00:00,Delivered,FEDEX,TRK00000335,
S00335,O00335,C0120,matthew.0120@example.com,2026-02-15 18:00:00,2026-02-18 00:00:00,Delivered,UPS,TRK00000336,
S00336,O00336,C0120,matthew.0120@example.com,2026-01-01 17:00:00,,In Transit,FEDEX,TRK00000337,
S00337,O00337,C0120,matthew.0120@example.com,2025-11-07 19:00:00,2025-11-12 22:00:00,Delivered,USPS,TRK00000338,
S00338,O00338,C0121,mason.0121@example.com,2025-11-07 16:00:00,,In Transit,DHL,TRK00000339,
S00339,O00339,C0121,mason.0121@example.com,2026-01-31 13:00:00,2026-02-06 17:00:00,Delivered,USPS,TRK00000340,
S00340,O00340,C0121,mason.0121@example.com,2025-11-17 13:00:00,,Exception,USPS,TRK00000341,Weather Delay
S00341,O00341,C0121,mason.0121@example.com,2025-11-08 11:00:00,2025-11-11 11:00:00,Delivered,DHL,TRK00000342,
S00342,O00342,C0122,benjamin.0122@example.com,2026-02-25 15:00:00,,Exception,DHL,TRK00000343,Weather Delay
S00343,O00343,C0122,benjamin.0122@example.com,2025-12-16 19:00:00,,Exception,USPS,TRK00000344,Damaged
S00344,O00344,C0122,benjamin.0122@example.com,2025-10-29 18:00:00,2025-11-03 00:00:00,Delivered,FEDEX,TRK00000345,
S00345,O00345,C0123,jack.0123@example.com,2025-10-18 19:00:00,2025-10-25 01:00:00,Delivered,FEDEX,TRK00000346,
S00346,O00346,C0123,jack.0123@example.com,2026-02-23 11:00:00,2026-02-27 14:00:00,Delivered,USPS,TRK00000347,
S00347,O00347,C0123,jack.0123@example.com,2025-12-07 09:00:00,2025-12-13 13:00:00,Delivered,UPS,TRK00000348,
S00348,O00348,C0123,jack.0123@example.com,2025-12-31 18:00:00,2026-01-04 21:00:00,Delivered,UPS,TRK00000349,
S00349,O00349,C0123,jack.0123@example.com,2025-10-11 14:00:00,,Exception,FEDEX,TRK00000350,Address Issue
S00350,O00350,C0124,charlotte.0124@example.com,2025-10-19 18:00:00,,Exception,UPS,TRK00000351,Weather Delay
S00351,O00351,C0124,charlotte.0124@example.com,2025-09-03 17:00:00,2025-09-08 23:00:00,Delivered,UPS,TRK00000352,
S00352,O00352,C0124,charlotte.0124@example.com,2025-10-06 14:00:00,2025-10-11 17:00:00,Delivered,UPS,TRK00000353,
S00353,O00353,C0125,emily.0125@example.com,2026-01-16 13:00:00,2026-01-22 14:00:00,Delivered,UPS,TRK00000354,
S00354,O00354,C0126,camila.0126@example.com,2026-02-11 13:00:00,2026-02-13 16:00:00,Delivered,USPS,TRK00000355,
S00355,O00355,C0127,daniel.0127@example.com,2025-09-19 15:00:00,2025-09-25 19:00:00,Delivered,USPS,TRK00000356,
S00356,O00356,C0127,daniel.0127@example.com,2025-12-23 15:00:00,2025-12-26 16:00:00,Delivered,DHL,TRK00000357,
S00357,O00357,C0128,ella.0128@example.com,2025-10-30 19:00:00,2025-11-05 20:00:00,Delivered,UPS,TRK00000358,
S00358,O00358,C0129,liam.0129@example.com,2026-02-17 12:00:00,2026-02-23 12:00:00,Delivered,UPS,TRK00000359,
S00359,O00359,C0129,liam.0129@example.com,2026-02-18 19:00:00,2026-02-23 22:00:00,Delivered,UPS,TRK00000360,
S00360,O00360,C0129,liam.0129@example.com,2026-01-20 19:00:00,2026-01-22 21:00:00,Delivered,DHL,TRK00000361,
S00361,O00361,C0130,avery.0130@example.com,2026-02-20 19:00:00,2026-02-22 23:00:00,Delivered,UPS,TRK00000362,
S00362,O00362,C0131,benjamin.0131@example.com,2025-10-01 17:00:00,2025-10-05 23:00:00,Delivered,FEDEX,TRK00000363,
S00363,O00363,C0131,benjamin.0131@example.com,2025-12-02 08:00:00,2025-12-05 13:00:00,Delivered,DHL,TRK00000364,
S00364,O00364,C0131,benjamin.0131@example.com,2025-11-27 09:00:00,,Stalled,DHL,TRK00000365,
S00365,O00365,C0132,owen.0132@example.com,2025-09-27 19:00:00,2025-10-02 00:00:00,Delivered,FEDEX,TRK00000366,
S00366,O00366,C0132,owen.0132@example.com,2025-12-28 15:00:00,2025-12-31 21:00:00,Delivered,UPS,TRK00000367,
S00367,O00367,C0133,scarlett.0133@example.com,2025-12-04 19:00:00,2025-12-06 19:00:00,Delivered,FEDEX,TRK00000368,
S00368,O00368,C0133,scarlett.0133@example.com,2026-02-19 15:00:00,,Exception,UPS,TRK00000369,Weather Delay
S00369,O00369,C0133,scarlett.0133@example.com,2025-12-06 14:00:00,2025-12-11 16:00:00,Delivered,DHL,TRK00000370,
S00370,O00370,C0134,jackson.0134@example.com,2025-12-18 10:00:00,2025-12-20 16:00:00,Delivered,FEDEX,TRK00000371,
S00371,O00371,C0134,jackson.0134@example.com,2025-09-29 20:00:00,2025-10-04 21:00:00,Delivered,DHL,TRK00000372,
S00372,O00372,C0134,jackson.0134@example.com,2025-12-04 10:00:00,2025-12-09 10:00:00,Delivered,DHL,TRK00000373,
S00373,O00373,C0134,jackson.0134@example.com,2025-12-25 13:00:00,2025-12-31 19:00:00,Delivered,FEDEX,TRK00000374,
S00374,O00374,C0135,avery.0135@example.com,2026-01-12 14:00:00,2026-01-15 17:00:00,Delivered,USPS,TRK00000375,
S00375,O00375,C0135,avery.0135@example.com,2026-02-18 16:00:00,,In Transit,UPS,TRK00000376,
S00376,O00376,C0135,avery.0135@example.com,2025-09-06 15:00:00,,In Transit,FEDEX,TRK00000377,
S00377,O00377,C0136,owen.0136@example.com,2026-01-06 08:00:00,2026-01-12 13:00:00,Delivered,DHL,TRK00000378,
S00378,O00378,C0137,logan.0137@example.com,2025-11-03 15:00:00,2025-11-08 18:00:00,Delivered,USPS,TRK00000379,
S00379,O00379,C0137,logan.0137@example.com,2025-10-02 09:00:00,2025-10-04 13:00:00,Delivered,UPS,TRK00000380,
S00380,O00380,C0137,logan.0137@example.com,2025-09-27 12:00:00,,In Transit,FEDEX,TRK00000381,
S00381,O00381,C0137,logan.0137@example.com,2026-02-17 08:00:00,,In Transit,DHL,TRK00000382,
S00382,O00382,C0138,mason.0138@example.com,2026-01-24 19:00:00,2026-01-29 19:00:00,Delivered,UPS,TRK00000383,
S00383,O00383,C0138,mason.0138@example.com,2026-02-18 18:00:00,,Exception,USPS,TRK00000384,Weather Delay
S00384,O00384,C0138,mason.0138@example.com,2026-03-01 10:00:00,,In Transit,DHL,TRK00000385,
S00385,O00385,C0139,elijah.0139@example.com,2025-11-06 14:00:00,2025-11-09 19:00:00,Delivered,USPS,TRK00000386,
S00386,O00386,C0140,amelia.0140@example.com,2025-12-19 17:00:00,2025-12-24 20:00:00,Delivered,FEDEX,TRK00000387,
S00387,O00387,C0141,camila.0141@example.com,2025-09-05 14:00:00,,In Transit,DHL,TRK00000388,
S00388,O00388,C0141,camila.0141@example.com,2026-01-12 17:00:00,2026-01-15 17:00:00,Delivered,DHL,TRK00000389,
S00389,O00389,C0141,camila.0141@example.com,2026-02-19 14:00:00,2026-02-25 19:00:00,Delivered,FEDEX,TRK00000390,
S00390,O00390,C0141,camila.0141@example.com,2025-11-12 15:00:00,,In Transit,FEDEX,TRK00000391,
S00391,O00391,C0142,benjamin.0142@example.com,2026-02-04 19:00:00,2026-02-09 00:00:00,Delivered,FEDEX,TRK00000392,
S00392,O00392,C0142,benjamin.0142@example.com,2025-10-25 13:00:00,,Stalled,FEDEX,TRK00000393,
S00393,O00393,C0142,benjamin.0142@example.com,2026-02-17 16:00:00,2026-02-21 21:00:00,Delivered,UPS,TRK00000394,
S00394,O00394,C0142,benjamin.0142@example.com,2025-12-03 18:00:00,2025-12-09 20:00:00,Delivered,DHL,TRK00000395,
S00395,O00395,C0143,avery.0143@example.com,2026-01-13 08:00:00,2026-01-16 10:00:00,Delivered,FEDEX,TRK00000396,
S00396,O00396,C0144,benjamin.0144@example.com,2026-02-25 20:00:00,2026-03-03 20:00:00,Delivered,USPS,TRK00000397,
S00397,O00397,C0144,benjamin.0144@example.com,2025-12-28 16:00:00,,In Transit,DHL,TRK00000398,
S00398,O00398,C0144,benjamin.0144@example.com,2025-11-03 18:00:00,2025-11-08 21:00:00,Delivered,DHL,TRK00000399,
S00399,O00399,C0145,matthew.0145@example.com,2026-01-21 17:00:00,,In Transit,DHL,TRK00000400,
S00400,O00400,C0145,matthew.0145@example.com,2025-10-30 20:00:00,2025-11-05 21:00:00,Delivered,FEDEX,TRK00000401,
S00401,O00401,C0145,matthew.0145@example.com,2025-11-16 10:00:00,,Exception,DHL,TRK00000402,Lost in Transit
S00402,O00402,C0146,sofia.0146@example.com,2025-12-20 10:00:00,2025-12-24 10:00:00,Delivered,USPS,TRK00000403,
S00403,O00403,C0147,david.0147@example.com,2025-10-13 08:00:00,2025-10-19 14:00:00,Delivered,USPS,TRK00000404,
S00404,O00404,C0147,david.0147@example.com,2026-01-06 09:00:00,2026-01-10 13:00:00,Delivered,FEDEX,TRK00000405,
S00405,O00405,C0147,david.0147@example.com,2025-10-19 14:00:00,2025-10-24 14:00:00,Delivered,USPS,TRK00000406,
S00406,O00406,C0147,david.0147@example.com,2025-10-29 13:00:00,2025-11-01 19:00:00,Delivered,DHL,TRK00000407,
S00407,O00407,C0148,oliver.0148@example.com,2026-02-16 15:00:00,2026-02-22 19:00:00,Delivered,FEDEX,TRK00000408,
S00408,O00408,C0148,oliver.0148@example.com,2025-09-13 20:00:00,,Stalled,DHL,TRK00000409,
S00409,O00409,C0148,oliver.0148@example.com,2025-11-06 16:00:00,,In Transit,USPS,TRK00000410,
S00410,O00410,C0148,oliver.0148@example.com,2026-01-12 08:00:00,2026-01-15 10:00:00,Delivered,UPS,TRK00000411,
S00411,O00411,C0148,oliver.0148@example.com,2025-09-28 08:00:00,2025-10-01 13:00:00,Delivered,FEDEX,TRK00000412,
S00412,O00412,C0149,matthew.0149@example.com,2025-09-30 09:00:00,2025-10-03 09:00:00,Delivered,DHL,TRK00000413,
S00413,O00413,C0149,matthew.0149@example.com,2025-11-25 10:00:00,2025-12-01 10:00:00,Delivered,FEDEX,TRK00000414,
S00414,O00414,C0149,matthew.0149@example.com,2025-11-09 14:00:00,2025-11-11 17:00:00,Delivered,UPS,TRK00000415,
S00415,O00415,C0149,matthew.0149@example.com,2026-01-16 20:00:00,2026-01-19 01:00:00,Delivered,UPS,TRK00000416,
S00416,O00416,C0150,aiden.0150@example.com,2026-01-10 09:00:00,2026-01-15 12:00:00,Delivered,DHL,TRK00000417,
S00417,O00417,C0150,aiden.0150@example.com,2026-02-20 11:00:00,2026-02-25 17:00:00,Delivered,USPS,TRK00000418,
S00418,O00418,C0150,aiden.0150@example.com,2026-02-12 08:00:00,2026-02-18 09:00:00,Delivered,UPS,TRK00000419,
S00419,O00419,C0151,daniel.0151@example.com,2025-09-05 16:00:00,,Stalled,USPS,TRK00000420,
S00420,O00420,C0152,david.0152@example.com,2025-12-01 10:00:00,2025-12-04 14:00:00,Delivered,USPS,TRK00000421,
S00421,O00421,C0152,david.0152@example.com,2025-10-23 08:00:00,,In Transit,DHL,TRK00000422,
S00422,O00422,C0153,sofia.0153@example.com,2025-09-21 09:00:00,2025-09-27 12:00:00,Delivered,USPS,TRK00000423,
S00423,O00423,C0153,sofia.0153@example.com,2025-12-02 09:00:00,2025-12-04 10:00:00,Delivered,USPS,TRK00000424,
S00424,O00424,C0153,sofia.0153@example.com,2026-01-06 12:00:00,2026-01-09 16:00:00,Delivered,USPS,TRK00000425,
S00425,O00425,C0153,sofia.0153@example.com,2025-11-21 13:00:00,2025-11-24 18:00:00,Delivered,DHL,TRK00000426,
S00426,O00426,C0153,sofia.0153@example.com,2025-11-13 19:00:00,2025-11-18 22:00:00,Delivered,DHL,TRK00000427,
S00427,O00427,C0154,samuel.0154@example.com,2025-11-19 18:00:00,2025-11-24 00:00:00,Delivered,FEDEX,TRK00000428,
S00428,O00428,C0154,samuel.0154@example.com,2026-01-17 19:00:00,2026-01-20 01:00:00,Delivered,UPS,TRK00000429,
S00429,O00429,C0154,samuel.0154@example.com,2026-01-28 08:00:00,2026-02-03 12:00:00,Delivered,DHL,TRK00000430,
S00430,O00430,C0155,daniel.0155@example.com,2025-12-06 12:00:00,2025-12-12 16:00:00,Delivered,UPS,TRK00000431,
S00431,O00431,C0155,daniel.0155@example.com,2025-12-14 11:00:00,,In Transit,FEDEX,TRK00000432,
S00432,O00432,C0156,owen.0156@example.com,2025-10-09 17:00:00,2025-10-12 22:00:00,Delivered,DHL,TRK00000433,
S00433,O00433,C0156,owen.0156@example.com,2025-12-02 09:00:00,2025-12-05 09:00:00,Delivered,FEDEX,TRK00000434,
S00434,O00434,C0156,owen.0156@example.com,2026-01-13 15:00:00,,Stalled,UPS,TRK00000435,
S00435,O00435,C0156,owen.0156@example.com,2025-09-12 19:00:00,,Exception,USPS,TRK00000436,Weather Delay
S00436,O00436,C0156,owen.0156@example.com,2026-01-29 18:00:00,2026-02-04 23:00:00,Delivered,UPS,TRK00000437,
S00437,O00437,C0157,ella.0157@example.com,2025-11-07 14:00:00,2025-11-11 17:00:00,Delivered,DHL,TRK00000438,
S00438,O00438,C0157,ella.0157@example.com,2026-02-04 10:00:00,2026-02-10 15:00:00,Delivered,USPS,TRK00000439,
S00439,O00439,C0157,ella.0157@example.com,2025-10-27 17:00:00,2025-10-29 22:00:00,Delivered,FEDEX,TRK00000440,
S00440,O00440,C0157,ella.0157@example.com,2025-12-18 18:00:00,2025-12-21 22:00:00,Delivered,FEDEX,TRK00000441,
S00441,O00441,C0157,ella.0157@example.com,2026-02-14 08:00:00,2026-02-20 09:00:00,Delivered,FEDEX,TRK00000442,
S00442,O00442,C0158,charlotte.0158@example.com,2025-09-12 10:00:00,2025-09-15 14:00:00,Delivered,DHL,TRK00000443,
S00443,O00443,C0158,charlotte.0158@example.com,2026-02-02 19:00:00,2026-02-06 19:00:00,Delivered,FEDEX,TRK00000444,
S00444,O00444,C0158,charlotte.0158@example.com,2025-12-26 10:00:00,2025-12-31 14:00:00,Delivered,FEDEX,TRK00000445,
S00445,O00445,C0158,charlotte.0158@example.com,2026-01-31 18:00:00,2026-02-03 23:00:00,Delivered,USPS,TRK00000446,
S00446,O00446,C0158,charlotte.0158@example.com,2025-12-27 14:00:00,2025-12-29 14:00:00,Delivered,FEDEX,TRK00000447,
S00447,O00447,C0159,charlotte.0159@example.com,2026-01-11 09:00:00,2026-01-17 13:00:00,Delivered,UPS,TRK00000448,
S00448,O00448,C0159,charlotte.0159@example.com,2026-01-16 15:00:00,2026-01-22 19:00:00,Delivered,UPS,TRK00000449,
S00449,O00449,C0159,charlotte.0159@example.com,2026-02-23 13:00:00,,In Transit,DHL,TRK00000450,
S00450,O00450,C0159,charlotte.0159@example.com,2025-10-31 13:00:00,2025-11-06 13:00:00,Delivered,DHL,TRK00000451,
S00451,O00451,C0159,charlotte.0159@example.com,2025-10-06 12:00:00,2025-10-12 15:00:00,Delivered,USPS,TRK00000452,
S00452,O00452,C0160,wyatt.0160@example.com,2025-09-05 16:00:00,2025-09-07 19:00:00,Delivered,FEDEX,TRK00000453,
S00453,O00453,C0160,wyatt.0160@example.com,2026-02-26 09:00:00,2026-03-04 11:00:00,Delivered,USPS,TRK00000454,
S00454,O00454,C0161,emma.0161@example.com,2025-12-20 18:00:00,2025-12-23 21:00:00,Delivered,DHL,TRK00000455,
S00455,O00455,C0161,emma.0161@example.com,2025-10-18 12:00:00,,Exception,DHL,TRK00000456,Weather Delay
S00456,O00456,C0161,emma.0161@example.com,2025-10-07 19:00:00,2025-10-10 19:00:00,Delivered,FEDEX,TRK00000457,
S00457,O00457,C0161,emma.0161@example.com,2026-01-12 17:00:00,2026-01-14 18:00:00,Delivered,DHL,TRK00000458,
S00458,O00458,C0161,emma.0161@example.com,2026-02-11 15:00:00,,Stalled,DHL,TRK00000459,
S00459,O00459,C0162,aiden.0162@example.com,2025-09-18 17:00:00,2025-09-23 20:00:00,Delivered,USPS,TRK00000460,
S00460,O00460,C0163,amelia.0163@example.com,2025-09-18 15:00:00,2025-09-21 21:00:00,Delivered,USPS,TRK00000461,
S00461,O00461,C0163,amelia.0163@example.com,2025-10-23 16:00:00,2025-10-29 17:00:00,Delivered,UPS,TRK00000462,
S00462,O00462,C0163,amelia.0163@example.com,2025-12-03 09:00:00,,Exception,USPS,TRK00000463,Address Issue
S00463,O00463,C0163,amelia.0163@example.com,2026-02-20 16:00:00,2026-02-22 16:00:00,Delivered,USPS,TRK00000464,
S00464,O00464,C0163,amelia.0163@example.com,2026-01-24 12:00:00,2026-01-27 15:00:00,Delivered,DHL,TRK00000465,
S00465,O00465,C0164,avery.0164@example.com,2025-09-05 09:00:00,2025-09-11 11:00:00,Delivered,USPS,TRK00000466,
S00466,O00466,C0164,avery.0164@example.com,2025-10-03 20:00:00,2025-10-08 23:00:00,Delivered,DHL,TRK00000467,
S00467,O00467,C0164,avery.0164@example.com,2025-11-05 15:00:00,,In Transit,UPS,TRK00000468,
S00468,O00468,C0164,avery.0164@example.com,2026-01-04 18:00:00,2026-01-07 23:00:00,Delivered,FEDEX,TRK00000469,
S00469,O00469,C0164,avery.0164@example.com,2025-11-23 16:00:00,2025-11-27 17:00:00,Delivered,USPS,TRK00000470,
S00470,O00470,C0165,dylan.0165@example.com,2025-12-13 16:00:00,,Stalled,DHL,TRK00000471,
S00471,O00471,C0166,scarlett.0166@example.com,2025-12-02 10:00:00,,Stalled,FEDEX,TRK00000472,
S00472,O00472,C0166,scarlett.0166@example.com,2026-01-09 11:00:00,,In Transit,FEDEX,TRK00000473,
S00473,O00473,C0166,scarlett.0166@example.com,2025-11-01 13:00:00,2025-11-03 13:00:00,Delivered,UPS,TRK00000474,
S00474,O00474,C0167,emma.0167@example.com,2026-02-06 15:00:00,2026-02-10 18:00:00,Delivered,USPS,TRK00000475,
S00475,O00475,C0167,emma.0167@example.com,2026-01-06 14:00:00,2026-01-12 15:00:00,Delivered,UPS,TRK00000476,
S00476,O00476,C0167,emma.0167@example.com,2026-01-16 08:00:00,2026-01-21 14:00:00,Delivered,FEDEX,TRK00000477,
S00477,O00477,C0167,emma.0167@example.com,2025-12-29 13:00:00,2025-12-31 18:00:00,Delivered,FEDEX,TRK00000478,
S00478,O00478,C0168,emily.0168@example.com,2026-01-30 12:00:00,2026-02-03 13:00:00,Delivered,USPS,TRK00000479,
S00479,O00479,C0168,emily.0168@example.com,2026-01-01 10:00:00,2026-01-04 13:00:00,Delivered,USPS,TRK00000480,
S00480,O00480,C0168,emily.0168@example.com,2025-12-05 10:00:00,2025-12-11 15:00:00,Delivered,FEDEX,TRK00000481,
S00481,O00481,C0168,emily.0168@example.com,2025-09-29 14:00:00,,In Transit,FEDEX,TRK00000482,
S00482,O00482,C0169,avery.0169@example.com,2025-10-10 14:00:00,2025-10-16 18:00:00,Delivered,USPS,TRK00000483,
S00483,O00483,C0169,avery.0169@example.com,2026-01-06 08:00:00,2026-01-09 08:00:00,Delivered,FEDEX,TRK00000484,
S00484,O00484,C0170,james.0170@example.com,2026-01-02 19:00:00,2026-01-06 21:00:00,Delivered,USPS,TRK00000485,
S00485,O00485,C0170,james.0170@example.com,2025-11-30 18:00:00,,Exception,FEDEX,TRK00000486,Damaged
S00486,O00486,C0170,james.0170@example.com,2025-11-15 15:00:00,2025-11-20 15:00:00,Delivered,DHL,TRK00000487,
S00487,O00487,C0171,aria.0171@example.com,2025-11-14 18:00:00,,In Transit,USPS,TRK00000488,
S00488,O00488,C0171,aria.0171@example.com,2025-12-19 09:00:00,2025-12-23 10:00:00,Delivered,USPS,TRK00000489,
S00489,O00489,C0171,aria.0171@example.com,2025-11-24 18:00:00,2025-11-30 00:00:00,Delivered,USPS,TRK00000490,
S00490,O00490,C0171,aria.0171@example.com,2026-01-31 10:00:00,2026-02-02 11:00:00,Delivered,FEDEX,TRK00000491,
S00491,O00491,C0171,aria.0171@example.com,2026-02-18 10:00:00,2026-02-20 10:00:00,Delivered,DHL,TRK00000492,
S00492,O00492,C0172,ella.0172@example.com,2025-09-17 20:00:00,,Exception,USPS,TRK00000493,Lost in Transit
S00493,O00493,C0172,ella.0172@example.com,2026-02-08 12:00:00,2026-02-12 15:00:00,Delivered,FEDEX,TRK00000494,
S00494,O00494,C0172,ella.0172@example.com,2025-10-05 08:00:00,2025-10-09 14:00:00,Delivered,DHL,TRK00000495,
S00495,O00495,C0172,ella.0172@example.com,2025-12-31 16:00:00,2026-01-06 17:00:00,Delivered,DHL,TRK00000496,
S00496,O00496,C0172,ella.0172@example.com,2026-02-11 16:00:00,2026-02-17 18:00:00,Delivered,USPS,TRK00000497,
S00497,O00497,C0173,abigail.0173@example.com,2026-01-19 12:00:00,2026-01-23 13:00:00,Delivered,USPS,TRK00000498,
S00498,O00498,C0173,abigail.0173@example.com,2025-09-05 12:00:00,2025-09-07 17:00:00,Delivered,DHL,TRK00000499,
S00499,O00499,C0173,abigail.0173@example.com,2026-01-03 17:00:00,2026-01-05 21:00:00,Delivered,USPS,TRK00000500,
S00500,O00500,C0173,abigail.0173@example.com,2025-10-21 14:00:00,2025-10-26 20:00:00,Delivered,DHL,TRK00000501,
S00501,O00501,C0174,camila.0174@example.com,2025-11-08 16:00:00,2025-11-14 22:00:00,Delivered,USPS,TRK00000502,
S00502,O00502,C0174,camila.0174@example.com,2025-11-14 14:00:00,2025-11-16 15:00:00,Delivered,FEDEX,TRK00000503,
S00503,O00503,C0175,owen.0175@example.com,2025-10-01 12:00:00,2025-10-06 13:00:00,Delivered,USPS,TRK00000504,
S00504,O00504,C0175,owen.0175@example.com,2025-09-06 10:00:00,,Exception,USPS,TRK00000505,Weather Delay
S00505,O00505,C0175,owen.0175@example.com,2025-10-04 09:00:00,2025-10-09 10:00:00,Delivered,USPS,TRK00000506,
S00506,O00506,C0176,mia.0176@example.com,2025-11-21 15:00:00,2025-11-23 17:00:00,Delivered,UPS,TRK00000507,
S00507,O00507,C0176,mia.0176@example.com,2025-10-09 16:00:00,2025-10-12 22:00:00,Delivered,USPS,TRK00000508,
S00508,O00508,C0176,mia.0176@example.com,2025-12-10 11:00:00,2025-12-15 12:00:00,Delivered,UPS,TRK00000509,
S00509,O00509,C0176,mia.0176@example.com,2025-10-24 18:00:00,,Exception,DHL,TRK00000510,Address Issue
S00510,O00510,C0177,henry.0177@example.com,2025-11-25 16:00:00,2025-11-29 19:00:00,Delivered,USPS,TRK00000511,
S00511,O00511,C0177,henry.0177@example.com,2025-10-24 11:00:00,,Exception,DHL,TRK00000512,Damaged
S00512,O00512,C0177,henry.0177@example.com,2025-11-26 09:00:00,2025-11-29 09:00:00,Delivered,UPS,TRK00000513,
S00513,O00513,C0178,elijah.0178@example.com,2026-02-25 13:00:00,2026-02-28 14:00:00,Delivered,DHL,TRK00000514,
S00514,O00514,C0178,elijah.0178@example.com,2025-09-27 08:00:00,2025-09-30 13:00:00,Delivered,UPS,TRK00000515,
S00515,O00515,C0178,elijah.0178@example.com,2025-10-06 20:00:00,2025-10-11 02:00:00,Delivered,DHL,TRK00000516,
S00516,O00516,C0178,elijah.0178@example.com,2025-10-22 19:00:00,2025-10-24 22:00:00,Delivered,DHL,TRK00000517,
S00517,O00517,C0178,elijah.0178@example.com,2026-01-23 17:00:00,2026-01-27 19:00:00,Delivered,DHL,TRK00000518,
S00518,O00518,C0179,ella.0179@example.com,2026-02-02 09:00:00,2026-02-07 11:00:00,Delivered,USPS,TRK00000519,
S00519,O00519,C0179,ella.0179@example.com,2026-01-20 16:00:00,2026-01-23 16:00:00,Delivered,USPS,TRK00000520,
S00520,O00520,C0179,ella.0179@example.com,2026-02-09 16:00:00,,In Transit,FEDEX,TRK00000521,
S00521,O00521,C0180,camila.0180@example.com,2026-02-23 17:00:00,2026-02-28 22:00:00,Delivered,USPS,TRK00000522,
S00522,O00522,C0180,camila.0180@example.com,2025-09-30 10:00:00,2025-10-02 11:00:00,Delivered,UPS,TRK00000523,
S00523,O00523,C0180,camila.0180@example.com,2026-01-06 18:00:00,,In Transit,DHL,TRK00000524,
S00524,O00524,C0180,camila.0180@example.com,2026-01-15 08:00:00,2026-01-21 13:00:00,Delivered,UPS,TRK00000525,
S00525,O00525,C0180,camila.0180@example.com,2025-09-07 15:00:00,,Stalled,UPS,TRK00000526,
S00526,O00526,C0181,joseph.0181@example.com,2026-02-14 14:00:00,,In Transit,UPS,TRK00000527,
S00527,O00527,C0181,joseph.0181@example.com,2026-02-08 09:00:00,,In Transit,UPS,TRK00000528,
S00528,O00528,C0181,joseph.0181@example.com,2025-10-27 19:00:00,2025-11-01 20:00:00,Delivered,FEDEX,TRK00000529,
S00529,O00529,C0181,joseph.0181@example.com,2026-01-16 10:00:00,2026-01-22 13:00:00,Delivered,UPS,TRK00000530,
S00530,O00530,C0182,elijah.0182@example.com,2025-12-02 10:00:00,2025-12-08 13:00:00,Delivered,USPS,TRK00000531,
S00531,O00531,C0182,elijah.0182@example.com,2026-02-18 13:00:00,,Stalled,USPS,TRK00000532,
S00532,O00532,C0182,elijah.0182@example.com,2025-12-07 19:00:00,2025-12-10 23:00:00,Delivered,FEDEX,TRK00000533,
S00533,O00533,C0182,elijah.0182@example.com,2025-12-08 15:00:00,2025-12-13 15:00:00,Delivered,UPS,TRK00000534,
S00534,O00534,C0182,elijah.0182@example.com,2025-11-13 12:00:00,2025-11-16 13:00:00,Delivered,USPS,TRK00000535,
S00535,O00535,C0183,logan.0183@example.com,2026-02-27 16:00:00,2026-03-05 17:00:00,Delivered,UPS,TRK00000536,
S00536,O00536,C0184,mason.0184@example.com,2025-12-29 13:00:00,,In Transit,FEDEX,TRK00000537,
S00537,O00537,C0185,david.0185@example.com,2025-11-08 14:00:00,2025-11-11 19:00:00,Delivered,UPS,TRK00000538,
S00538,O00538,C0185,david.0185@example.com,2025-11-25 19:00:00,2025-11-27 23:00:00,Delivered,USPS,TRK00000539,
S00539,O00539,C0186,mia.0186@example.com,2026-01-28 13:00:00,,In Transit,DHL,TRK00000540,
S00540,O00540,C0187,samuel.0187@example.com,2025-10-04 18:00:00,,In Transit,UPS,TRK00000541,
S00541,O00541,C0187,samuel.0187@example.com,2026-02-11 12:00:00,2026-02-15 16:00:00,Delivered,FEDEX,TRK00000542,
S00542,O00542,C0187,samuel.0187@example.com,2025-11-24 08:00:00,2025-11-29 11:00:00,Delivered,UPS,TRK00000543,
S00543,O00543,C0187,samuel.0187@example.com,2025-10-28 10:00:00,2025-11-02 14:00:00,Delivered,UPS,TRK00000544,
S00544,O00544,C0188,dylan.0188@example.com,2025-12-15 14:00:00,2025-12-18 20:00:00,Delivered,FEDEX,TRK00000545,
S00545,O00545,C0188,dylan.0188@example.com,2026-01-04 18:00:00,2026-01-10 22:00:00,Delivered,FEDEX,TRK00000546,
S00546,O00546,C0188,dylan.0188@example.com,2025-11-04 18:00:00,,Stalled,UPS,TRK00000547,
S00547,O00547,C0188,dylan.0188@example.com,2025-10-01 13:00:00,2025-10-05 17:00:00,Delivered,UPS,TRK00000548,
S00548,O00548,C0188,dylan.0188@example.com,2025-11-21 20:00:00,2025-11-24 23:00:00,Delivered,UPS,TRK00000549,
S00549,O00549,C0189,emily.0189@example.com,2025-10-25 09:00:00,2025-10-27 10:00:00,Delivered,FEDEX,TRK00000550,
S00550,O00550,C0189,emily.0189@example.com,2025-11-15 15:00:00,2025-11-19 16:00:00,Delivered,FEDEX,TRK00000551,
S00551,O00551,C0190,matthew.0190@example.com,2026-01-21 15:00:00,2026-01-24 20:00:00,Delivered,UPS,TRK00000552,
S00552,O00552,C0190,matthew.0190@example.com,2025-12-07 12:00:00,2025-12-11 13:00:00,Delivered,USPS,TRK00000553,
S00553,O00553,C0191,avery.0191@example.com,2025-12-30 14:00:00,2026-01-03 20:00:00,Delivered,UPS,TRK00000554,
S00554,O00554,C0192,oliver.0192@example.com,2025-11-16 11:00:00,,Exception,USPS,TRK00000555,Lost in Transit
S00555,O00555,C0193,benjamin.0193@example.com,2026-02-01 16:00:00,,Exception,UPS,TRK00000556,Lost in Transit
S00556,O00556,C0193,benjamin.0193@example.com,2025-11-05 15:00:00,2025-11-08 15:00:00,Delivered,USPS,TRK00000557,
S00557,O00557,C0193,benjamin.0193@example.com,2026-02-25 11:00:00,,Exception,UPS,TRK00000558,Weather Delay
S00558,O00558,C0193,benjamin.0193@example.com,2026-02-09 16:00:00,,Stalled,FEDEX,TRK00000559,
S00559,O00559,C0194,aria.0194@example.com,2025-11-28 09:00:00,2025-12-04 14:00:00,Delivered,FEDEX,TRK00000560,
S00560,O00560,C0194,aria.0194@example.com,2025-12-18 12:00:00,,Stalled,USPS,TRK00000561,
S00561,O00561,C0195,daniel.0195@example.com,2026-01-18 17:00:00,2026-01-21 23:00:00,Delivered,FEDEX,TRK00000562,
S00562,O00562,C0195,daniel.0195@example.com,2025-11-20 14:00:00,,Exception,FEDEX,TRK00000563,Damaged
S00563,O00563,C0195,daniel.0195@example.com,2025-11-24 09:00:00,2025-11-27 14:00:00,Delivered,UPS,TRK00000564,
S00564,O00564,C0195,daniel.0195@example.com,2025-11-23 12:00:00,2025-11-27 13:00:00,Delivered,FEDEX,TRK00000565,
S00565,O00565,C0196,owen.0196@example.com,2025-10-07 12:00:00,2025-10-13 13:00:00,Delivered,FEDEX,TRK00000566,
S00566,O00566,C0197,camila.0197@example.com,2026-02-26 20:00:00,2026-03-05 02:00:00,Delivered,DHL,TRK00000567,
S00567,O00567,C0197,camila.0197@example.com,2026-02-16 15:00:00,2026-02-19 16:00:00,Delivered,UPS,TRK00000568,
S00568,O00568,C0198,ava.0198@example.com,2025-09-05 19:00:00,2025-09-09 01:00:00,Delivered,FEDEX,TRK00000569,
S00569,O00569,C0198,ava.0198@example.com,2025-09-20 15:00:00,2025-09-25 16:00:00,Delivered,DHL,TRK00000570,
S00570,O00570,C0198,ava.0198@example.com,2025-12-16 14:00:00,2025-12-21 18:00:00,Delivered,UPS,TRK00000571,
S00571,O00571,C0198,ava.0198@example.com,2026-01-13 11:00:00,2026-01-18 16:00:00,Delivered,UPS,TRK00000572,
S00572,O00572,C0199,matthew.0199@example.com,2025-12-10 11:00:00,2025-12-15 13:00:00,Delivered,USPS,TRK00000573,
S00573,O00573,C0199,matthew.0199@example.com,2025-12-31 08:00:00,2026-01-03 11:00:00,Delivered,DHL,TRK00000574,
S00574,O00574,C0199,matthew.0199@example.com,2025-09-25 20:00:00,2025-10-01 21:00:00,Delivered,DHL,TRK00000575,
S00575,O00575,C0199,matthew.0199@example.com,2025-12-16 15:00:00,2025-12-19 18:00:00,Delivered,UPS,TRK00000576,
S00576,O00576,C0199,matthew.0199@example.com,2025-11-07 20:00:00,2025-11-09 20:00:00,Delivered,UPS,TRK00000577,
S00577,O00577,C0200,david.0200@example.com,2026-02-13 14:00:00,2026-02-19 18:00:00,Delivered,FEDEX,TRK00000578,
S00578,O00578,C0200,david.0200@example.com,2025-12-07 13:00:00,2025-12-10 14:00:00,Delivered,FEDEX,TRK00000579,
S00579,O00579,C0200,david.0200@example.com,2025-10-18 12:00:00,2025-10-23 14:00:00,Delivered,FEDEX,TRK00000580,
S00580,O00580,C0200,david.0200@example.com,2025-10-02 17:00:00,2025-10-04 20:00:00,Delivered,DHL,TRK00000581,
